civilization,civ_effect,n_rows
Mongolia,-2.4614922055661403,265
The Aztecs,-1.8129995283816929,265
Spain,-1.779634541658889,265
France,-1.6152009300702264,530
Arabia,-1.579429889519265,530
Egypt,-0.5625182828914101,265
Morocco,-0.5327919032487021,265
Denmark,-0.1025896690810164,265
The Zulus,0.030238407479056,530
Brazil,0.1702272797254004,530
Songhai,0.5254993733200158,265
China,0.7468632997997682,530
Austria,0.8458889282791766,530
Poland,1.4291964817276317,265
Ethiopia,1.5616257455250464,265
The Netherlands,1.6066255985131743,265
The Ottomans,1.7299544321124134,265
Polynesia,1.8005374039356594,265
