model,bin,bin_center,mean_pred,mean_true,count
score,0,0.05,0.041609749210291806,0.03795583293078908,1548484
score,1,0.15000000000000002,0.1426579800991983,0.15045180986116533,686572
score,2,0.25,0.24339628718733186,0.24330043329992862,277406
score,3,0.35000000000000003,0.3440657651133417,0.3510052156686735,129226
score,4,0.45,0.44375035474771857,0.45530562888260123,63263
score,5,0.55,0.544880460582437,0.5514006472068774,30593
score,6,0.6500000000000001,0.6455219554449626,0.6282673527863868,17101
score,7,0.75,0.7453571170479394,0.6748556237968649,10909
score,8,0.8500000000000001,0.845498311768507,0.7798013245033113,6040
score,9,0.95,0.9474265915838188,0.9379008746355685,3430
attention,0,0.05,0.02851016749870612,0.02869402711480507,1622951
attention,1,0.15000000000000002,0.1416052201561131,0.14769220000933253,600052
attention,2,0.25,0.24426709732101054,0.23437204832735128,243506
attention,3,0.35000000000000003,0.343877797818633,0.3261920260374288,122900
attention,4,0.45,0.4455111003238384,0.4332370074767212,65403
attention,5,0.55,0.5456718471812382,0.5494322242515683,37779
attention,6,0.6500000000000001,0.6469803013786183,0.6658235978963427,24909
attention,7,0.75,0.7480822957171089,0.7690005646527386,17710
attention,8,0.8500000000000001,0.8494323975825738,0.8644560791157649,15471
attention,9,0.95,0.9571398995237881,0.9670142774023184,22343
xgboost,0,0.05,0.030854789705621943,0.03234035152135893,1655888
xgboost,1,0.15000000000000002,0.13971346600471007,0.15694646130605738,598427
xgboost,2,0.25,0.2444018941642484,0.2610313933699172,235623
xgboost,3,0.35000000000000003,0.34522903944581507,0.35818502242627315,132211
xgboost,4,0.45,0.44445607733078013,0.47429150702902545,67079
xgboost,5,0.55,0.5449320568969361,0.6049145992507153,33899
xgboost,6,0.6500000000000001,0.6485356807341082,0.7007797649066998,25777
xgboost,7,0.75,0.7433831875666222,0.7622626262626263,12375
xgboost,8,0.8500000000000001,0.8464933886786252,0.8582423733557235,7146
xgboost,9,0.95,0.9437334205591568,0.944335725157643,4599
