seed,player_id,civilization,n_civilizations,run_count,has_matched_vanilla,has_probability
1,0,Arabia,1,281,True,True
1,1,The Zulus,1,281,True,True
1,2,China,1,281,True,True
1,3,Brazil,1,281,True,True
1,4,Polynesia,1,281,True,True
1,5,Denmark,1,281,True,True
1,6,Austria,1,281,True,True
1,7,Ethiopia,1,281,True,True
2,0,The Netherlands,1,281,True,True
2,1,The Ottomans,1,281,True,True
2,2,France,1,281,True,True
2,3,Spain,1,281,True,True
2,4,The Aztecs,1,281,True,True
2,5,Brazil,1,281,True,True
2,6,Arabia,1,281,True,True
2,7,Poland,1,281,True,True
3,0,France,1,281,True,True
3,1,The Zulus,1,281,True,True
3,2,China,1,281,True,True
3,3,Egypt,1,281,True,True
3,4,Mongolia,1,281,True,True
3,5,Austria,1,281,True,True
3,6,Morocco,1,281,True,True
3,7,Songhai,1,281,True,True
