model,turn_progress_bin,n_samples,brier_score,log_loss
score,0.00-0.05,133640,0.11471880570882985,0.4088822645057328
score,0.05-0.10,130640,0.11270578338585603,0.3840845719282395
score,0.10-0.15,131424,0.11074602943953031,0.37337401808992626
score,0.15-0.20,129960,0.1081076677098478,0.36159078595583644
score,0.20-0.25,130464,0.10433282068706737,0.3471112127776315
score,0.25-0.30,132000,0.10225728139233932,0.33865276243511183
score,0.30-0.35,130696,0.09976292212673137,0.3305363655082063
score,0.35-0.40,129888,0.09649675297458335,0.3190352988264823
score,0.40-0.45,131376,0.09417911095331725,0.3109336586040268
score,0.45-0.50,129400,0.09141414017989836,0.30129899048548525
score,0.50-0.55,131976,0.08892198148782965,0.2930698975239706
score,0.55-0.60,131768,0.08667820748277835,0.2855324412349992
score,0.60-0.65,129880,0.08483376717714224,0.2788895497756624
score,0.65-0.70,131376,0.0819872119556239,0.2697322660892046
score,0.70-0.75,129648,0.07914588683039288,0.260564537644156
score,0.75-0.80,130928,0.07696908025368289,0.2532015076531259
score,0.80-0.85,131552,0.07556979381797911,0.24827287385411737
score,0.85-0.90,130368,0.0742164327385177,0.2425265344107114
score,0.90-0.95,131320,0.07446642525435763,0.24171161425183627
score,0.95-1.00,133656,0.07552271093256732,0.2438010199380924
attention,0.00-0.05,133640,0.1092213353184872,0.37830795557334185
attention,0.05-0.10,130640,0.10726457831595,0.364684245402431
attention,0.10-0.15,131424,0.10770485365983294,0.36592396989975473
attention,0.15-0.20,129960,0.10582012747767042,0.3560700724982926
attention,0.20-0.25,130464,0.10235541942111619,0.3412502569393996
attention,0.25-0.30,132000,0.09976908151809039,0.3306491810980112
attention,0.30-0.35,130696,0.09741698984347306,0.3223320149548347
attention,0.35-0.40,129888,0.09486560144834319,0.3111053413611614
attention,0.40-0.45,131376,0.09163335438156946,0.2993481237842112
attention,0.45-0.50,129400,0.08542567753496025,0.27930635384544983
attention,0.50-0.55,131976,0.08103272514650198,0.2637702691596454
attention,0.55-0.60,131768,0.07650425030615599,0.24899050537626116
attention,0.60-0.65,129880,0.07309515830219794,0.23636727869449156
attention,0.65-0.70,131376,0.0674911251918991,0.21684921540710664
attention,0.70-0.75,129648,0.06374845387560563,0.20340323304511965
attention,0.75-0.80,130928,0.05991950500994966,0.189628116282587
attention,0.80-0.85,131552,0.057067344792997104,0.17870946003772953
attention,0.85-0.90,130368,0.054319575650672434,0.16981758607266342
attention,0.90-0.95,131320,0.05027985142610209,0.15843624557313152
attention,0.95-1.00,133656,0.0463082359867268,0.14566159717610885
xgboost,0.00-0.05,133640,0.1075051563300016,0.368488788936323
xgboost,0.05-0.10,130640,0.10856492977804516,0.36978847699738815
xgboost,0.10-0.15,131424,0.10885091118520485,0.3693080582915073
xgboost,0.15-0.20,129960,0.1067335006651092,0.35808117839244746
xgboost,0.20-0.25,130464,0.10314580973882691,0.3428741550316501
xgboost,0.25-0.30,132000,0.10073128967070386,0.3328726016586629
xgboost,0.30-0.35,130696,0.0981011501429947,0.32229027737827903
xgboost,0.35-0.40,129888,0.09538439626568289,0.31082377101982195
xgboost,0.40-0.45,131376,0.09406025504818727,0.303951461604334
xgboost,0.45-0.50,129400,0.08975301969679182,0.2877365505102775
xgboost,0.50-0.55,131976,0.08560374966418403,0.2743812765691901
xgboost,0.55-0.60,131768,0.08218514340235203,0.26429401543686815
xgboost,0.60-0.65,129880,0.08078906869432713,0.2593088140334339
xgboost,0.65-0.70,131376,0.07653096153692256,0.24380337333737442
xgboost,0.70-0.75,129648,0.07181373322383193,0.22707938335911734
xgboost,0.75-0.80,130928,0.06826086865895598,0.21437403218156426
xgboost,0.80-0.85,131552,0.06550501507562637,0.2050786402774668
xgboost,0.85-0.90,130368,0.06120257458884661,0.191960955717164
xgboost,0.90-0.95,131320,0.05843624637673815,0.18411928305213504
xgboost,0.95-1.00,133656,0.056314555264103894,0.17725084584799253
